<?xml version="1.0" encoding="UTF-8"?>
<ord:orderDetails ID="0" xmlns:ord="http://www.rajchoudhury.com/Order" xmlns:xsi="http://www.w3.org/2001/XMLSchema-instance"
 xsi:schemaLocation="http://www.rajchoudhury.com/Order Order.xsd ">
  <ord:product ID="51">
    <ord:name>RAJ111111111111</ord:name>
    <ord:description>ord:description</ord:description>
    <ord:price>2000</ord:price>
    <ord:category>Electronics</ord:category>
  </ord:product>
  <ord:customer ID="43">
    <ord:name>ord:name</ord:name>
    <ord:phone>ord:phone</ord:phone>
  </ord:customer>
</ord:orderDetails>
